<application>
  <component name="FileTypeManager" version="17">
    <extensionMap>
      <mapping ext="webp" type="Image" />
      <mapping ext="gradle.kts" type="Kotlin" />
      <mapping ext="main.kts" type="Kotlin" />
      <mapping pattern="多渠道打包命令" type="PLAIN_TEXT" />
      <mapping pattern="11" type="PLAIN_TEXT" />
      <mapping pattern="使用方法" type="PLAIN_TEXT" />
      <mapping ext="face-android" type="PLAIN_TEXT" />
      <mapping pattern="spinner" type="XML" />
    </extensionMap>
  </component>
</application>