<application>
  <component name="ProjectJdkTable">
    <jdk version="2">
      <name value="Kotlin SDK" />
      <type value="KotlinSDK" />
      <version value="1.2.30" />
      <homePath value="C:\xiaoxing\Android Studio\plugins\Kotlin\kotlinc" />
      <roots>
        <annotationsPath>
          <root type="composite" />
        </annotationsPath>
        <classPath>
          <root type="composite" />
        </classPath>
        <javadocPath>
          <root type="composite" />
        </javadocPath>
        <sourcePath>
          <root type="composite" />
        </sourcePath>
      </roots>
      <additional />
    </jdk>
    <jdk version="2">
      <name value="JDK" />
      <type value="JavaSDK" />
      <version value="java version &quot;1.8.0_152-release&quot;" />
      <homePath value="$APPLICATION_HOME_DIR$/jre" />
      <roots>
        <annotationsPath>
          <root type="composite">
            <root url="jar://$APPLICATION_HOME_DIR$/lib/jdkAnnotations.jar!/" type="simple" />
          </root>
        </annotationsPath>
        <classPath>
          <root type="composite">
            <root url="jar://$APPLICATION_HOME_DIR$/jre/jre/lib/charsets.jar!/" type="simple" />
            <root url="jar://$APPLICATION_HOME_DIR$/jre/jre/lib/ext/access-bridge-64.jar!/" type="simple" />
            <root url="jar://$APPLICATION_HOME_DIR$/jre/jre/lib/ext/cldrdata.jar!/" type="simple" />
            <root url="jar://$APPLICATION_HOME_DIR$/jre/jre/lib/ext/dnsns.jar!/" type="simple" />
            <root url="jar://$APPLICATION_HOME_DIR$/jre/jre/lib/ext/jaccess.jar!/" type="simple" />
            <root url="jar://$APPLICATION_HOME_DIR$/jre/jre/lib/ext/localedata.jar!/" type="simple" />
            <root url="jar://$APPLICATION_HOME_DIR$/jre/jre/lib/ext/nashorn.jar!/" type="simple" />
            <root url="jar://$APPLICATION_HOME_DIR$/jre/jre/lib/ext/sunec.jar!/" type="simple" />
            <root url="jar://$APPLICATION_HOME_DIR$/jre/jre/lib/ext/sunjce_provider.jar!/" type="simple" />
            <root url="jar://$APPLICATION_HOME_DIR$/jre/jre/lib/ext/sunmscapi.jar!/" type="simple" />
            <root url="jar://$APPLICATION_HOME_DIR$/jre/jre/lib/ext/sunpkcs11.jar!/" type="simple" />
            <root url="jar://$APPLICATION_HOME_DIR$/jre/jre/lib/ext/zipfs.jar!/" type="simple" />
            <root url="jar://$APPLICATION_HOME_DIR$/jre/jre/lib/jce.jar!/" type="simple" />
            <root url="jar://$APPLICATION_HOME_DIR$/jre/jre/lib/jsse.jar!/" type="simple" />
            <root url="jar://$APPLICATION_HOME_DIR$/jre/jre/lib/management-agent.jar!/" type="simple" />
            <root url="jar://$APPLICATION_HOME_DIR$/jre/jre/lib/resources.jar!/" type="simple" />
            <root url="jar://$APPLICATION_HOME_DIR$/jre/jre/lib/rt.jar!/" type="simple" />
          </root>
        </classPath>
        <javadocPath>
          <root type="composite">
            <root url="http://docs.oracle.com/javase/8/docs/api/" type="simple" />
          </root>
        </javadocPath>
        <sourcePath>
          <root type="composite" />
        </sourcePath>
      </roots>
      <additional />
    </jdk>
    <jdk version="2">
      <name value="Android API 19 Platform" />
      <type value="Android SDK" />
      <version value="java version &quot;1.8.0_152-release&quot;" />
      <homePath value="F:\Android\AndroidSDK\Sdk" />
      <roots>
        <annotationsPath>
          <root type="composite">
            <root url="jar://$APPLICATION_HOME_DIR$/plugins/android/lib/androidAnnotations.jar!/" type="simple" />
          </root>
        </annotationsPath>
        <classPath>
          <root type="composite">
            <root url="jar://F:/Android/AndroidSDK/Sdk/platforms/android-19/android.jar!/" type="simple" />
            <root url="file://F:/Android/AndroidSDK/Sdk/platforms/android-19/data/res" type="simple" />
          </root>
        </classPath>
        <javadocPath>
          <root type="composite">
            <root url="http://developer.android.com/reference/" type="simple" />
          </root>
        </javadocPath>
        <sourcePath>
          <root type="composite" />
        </sourcePath>
      </roots>
      <additional jdk="JDK" sdk="android-19" />
    </jdk>
    <jdk version="2">
      <name value="Android API 20 Platform" />
      <type value="Android SDK" />
      <version value="java version &quot;1.8.0_152-release&quot;" />
      <homePath value="F:\Android\AndroidSDK\Sdk" />
      <roots>
        <annotationsPath>
          <root type="composite">
            <root url="jar://$APPLICATION_HOME_DIR$/plugins/android/lib/androidAnnotations.jar!/" type="simple" />
          </root>
        </annotationsPath>
        <classPath>
          <root type="composite">
            <root url="jar://F:/Android/AndroidSDK/Sdk/platforms/android-20/android.jar!/" type="simple" />
            <root url="file://F:/Android/AndroidSDK/Sdk/platforms/android-20/data/res" type="simple" />
          </root>
        </classPath>
        <javadocPath>
          <root type="composite">
            <root url="http://developer.android.com/reference/" type="simple" />
          </root>
        </javadocPath>
        <sourcePath>
          <root type="composite" />
        </sourcePath>
      </roots>
      <additional jdk="JDK" sdk="android-20" />
    </jdk>
    <jdk version="2">
      <name value="Android API 21 Platform" />
      <type value="Android SDK" />
      <version value="java version &quot;1.8.0_152-release&quot;" />
      <homePath value="F:\Android\AndroidSDK\Sdk" />
      <roots>
        <annotationsPath>
          <root type="composite">
            <root url="jar://$APPLICATION_HOME_DIR$/plugins/android/lib/androidAnnotations.jar!/" type="simple" />
          </root>
        </annotationsPath>
        <classPath>
          <root type="composite">
            <root url="jar://F:/Android/AndroidSDK/Sdk/platforms/android-21/android.jar!/" type="simple" />
            <root url="file://F:/Android/AndroidSDK/Sdk/platforms/android-21/data/res" type="simple" />
          </root>
        </classPath>
        <javadocPath>
          <root type="composite">
            <root url="http://developer.android.com/reference/" type="simple" />
          </root>
        </javadocPath>
        <sourcePath>
          <root type="composite" />
        </sourcePath>
      </roots>
      <additional jdk="JDK" sdk="android-21" />
    </jdk>
    <jdk version="2">
      <name value="Android API 22 Platform" />
      <type value="Android SDK" />
      <version value="java version &quot;1.8.0_152-release&quot;" />
      <homePath value="F:\Android\AndroidSDK\Sdk" />
      <roots>
        <annotationsPath>
          <root type="composite">
            <root url="jar://$APPLICATION_HOME_DIR$/plugins/android/lib/androidAnnotations.jar!/" type="simple" />
          </root>
        </annotationsPath>
        <classPath>
          <root type="composite">
            <root url="jar://F:/Android/AndroidSDK/Sdk/platforms/android-22/android.jar!/" type="simple" />
            <root url="file://F:/Android/AndroidSDK/Sdk/platforms/android-22/data/res" type="simple" />
          </root>
        </classPath>
        <javadocPath>
          <root type="composite">
            <root url="http://developer.android.com/reference/" type="simple" />
          </root>
        </javadocPath>
        <sourcePath>
          <root type="composite" />
        </sourcePath>
      </roots>
      <additional jdk="JDK" sdk="android-22" />
    </jdk>
    <jdk version="2">
      <name value="Android API 23 Platform" />
      <type value="Android SDK" />
      <version value="java version &quot;1.8.0_152-release&quot;" />
      <homePath value="F:\Android\AndroidSDK\Sdk" />
      <roots>
        <annotationsPath>
          <root type="composite">
            <root url="jar://$APPLICATION_HOME_DIR$/plugins/android/lib/androidAnnotations.jar!/" type="simple" />
          </root>
        </annotationsPath>
        <classPath>
          <root type="composite">
            <root url="jar://F:/Android/AndroidSDK/Sdk/platforms/android-23/android.jar!/" type="simple" />
            <root url="file://F:/Android/AndroidSDK/Sdk/platforms/android-23/data/res" type="simple" />
          </root>
        </classPath>
        <javadocPath>
          <root type="composite" />
        </javadocPath>
        <sourcePath>
          <root type="composite">
            <root url="file://F:/Android/AndroidSDK/Sdk/sources/android-23" type="simple" />
          </root>
        </sourcePath>
      </roots>
      <additional jdk="JDK" sdk="android-23" />
    </jdk>
    <jdk version="2">
      <name value="Android API 24 Platform" />
      <type value="Android SDK" />
      <version value="java version &quot;1.8.0_152-release&quot;" />
      <homePath value="F:\Android\AndroidSDK\Sdk" />
      <roots>
        <annotationsPath>
          <root type="composite">
            <root url="jar://$APPLICATION_HOME_DIR$/plugins/android/lib/androidAnnotations.jar!/" type="simple" />
          </root>
        </annotationsPath>
        <classPath>
          <root type="composite">
            <root url="jar://F:/Android/AndroidSDK/Sdk/platforms/android-24/android.jar!/" type="simple" />
            <root url="file://F:/Android/AndroidSDK/Sdk/platforms/android-24/data/res" type="simple" />
          </root>
        </classPath>
        <javadocPath>
          <root type="composite" />
        </javadocPath>
        <sourcePath>
          <root type="composite">
            <root url="file://F:/Android/AndroidSDK/Sdk/sources/android-24" type="simple" />
          </root>
        </sourcePath>
      </roots>
      <additional jdk="JDK" sdk="android-24" />
    </jdk>
    <jdk version="2">
      <name value="Android API 25 Platform" />
      <type value="Android SDK" />
      <version value="java version &quot;1.8.0_152-release&quot;" />
      <homePath value="F:\Android\AndroidSDK\Sdk" />
      <roots>
        <annotationsPath>
          <root type="composite">
            <root url="jar://$APPLICATION_HOME_DIR$/plugins/android/lib/androidAnnotations.jar!/" type="simple" />
          </root>
        </annotationsPath>
        <classPath>
          <root type="composite">
            <root url="jar://F:/Android/AndroidSDK/Sdk/platforms/android-25/android.jar!/" type="simple" />
            <root url="file://F:/Android/AndroidSDK/Sdk/platforms/android-25/data/res" type="simple" />
          </root>
        </classPath>
        <javadocPath>
          <root type="composite" />
        </javadocPath>
        <sourcePath>
          <root type="composite">
            <root url="file://F:/Android/AndroidSDK/Sdk/sources/android-25" type="simple" />
          </root>
        </sourcePath>
      </roots>
      <additional jdk="JDK" sdk="android-25" />
    </jdk>
    <jdk version="2">
      <name value="Android API 26 Platform" />
      <type value="Android SDK" />
      <version value="java version &quot;1.8.0_152-release&quot;" />
      <homePath value="F:\Android\AndroidSDK\Sdk" />
      <roots>
        <annotationsPath>
          <root type="composite">
            <root url="jar://$APPLICATION_HOME_DIR$/plugins/android/lib/androidAnnotations.jar!/" type="simple" />
          </root>
        </annotationsPath>
        <classPath>
          <root type="composite">
            <root url="jar://F:/Android/AndroidSDK/Sdk/platforms/android-26/android.jar!/" type="simple" />
            <root url="file://F:/Android/AndroidSDK/Sdk/platforms/android-26/data/res" type="simple" />
          </root>
        </classPath>
        <javadocPath>
          <root type="composite" />
        </javadocPath>
        <sourcePath>
          <root type="composite">
            <root url="file://F:/Android/AndroidSDK/Sdk/sources/android-26" type="simple" />
          </root>
        </sourcePath>
      </roots>
      <additional jdk="JDK" sdk="android-26" />
    </jdk>
    <jdk version="2">
      <name value="Android API 27 Platform" />
      <type value="Android SDK" />
      <version value="java version &quot;1.8.0_152-release&quot;" />
      <homePath value="F:\Android\AndroidSDK\Sdk" />
      <roots>
        <annotationsPath>
          <root type="composite">
            <root url="jar://$APPLICATION_HOME_DIR$/plugins/android/lib/androidAnnotations.jar!/" type="simple" />
          </root>
        </annotationsPath>
        <classPath>
          <root type="composite">
            <root url="jar://F:/Android/AndroidSDK/Sdk/platforms/android-27/android.jar!/" type="simple" />
            <root url="file://F:/Android/AndroidSDK/Sdk/platforms/android-27/data/res" type="simple" />
          </root>
        </classPath>
        <javadocPath>
          <root type="composite">
            <root url="http://developer.android.com/reference/" type="simple" />
          </root>
        </javadocPath>
        <sourcePath>
          <root type="composite">
            <root url="file://F:/Android/AndroidSDK/Sdk/sources/android-27" type="simple" />
          </root>
        </sourcePath>
      </roots>
      <additional jdk="JDK" sdk="android-27" />
    </jdk>
    <jdk version="2">
      <name value="Android API 27, P preview Platform" />
      <type value="Android SDK" />
      <version value="java version &quot;1.8.0_152-release&quot;" />
      <homePath value="F:\Android\AndroidSDK\Sdk" />
      <roots>
        <annotationsPath>
          <root type="composite">
            <root url="jar://$APPLICATION_HOME_DIR$/plugins/android/lib/androidAnnotations.jar!/" type="simple" />
          </root>
        </annotationsPath>
        <classPath>
          <root type="composite">
            <root url="jar://F:/Android/AndroidSDK/Sdk/platforms/android-P/android.jar!/" type="simple" />
            <root url="file://F:/Android/AndroidSDK/Sdk/platforms/android-P/data/res" type="simple" />
          </root>
        </classPath>
        <javadocPath>
          <root type="composite">
            <root url="http://developer.android.com/reference/" type="simple" />
          </root>
        </javadocPath>
        <sourcePath>
          <root type="composite" />
        </sourcePath>
      </roots>
      <additional jdk="JDK" sdk="android-P" />
    </jdk>
    <jdk version="2">
      <name value="Android API 28 Platform" />
      <type value="Android SDK" />
      <version value="java version &quot;1.8.0_152-release&quot;" />
      <homePath value="F:\Android\AndroidSDK\Sdk" />
      <roots>
        <annotationsPath>
          <root type="composite">
            <root url="jar://F:/Android/AndroidSDK/Sdk/platforms/android-28/data/annotations.zip!/" type="simple" />
          </root>
        </annotationsPath>
        <classPath>
          <root type="composite">
            <root url="jar://F:/Android/AndroidSDK/Sdk/platforms/android-28/android.jar!/" type="simple" />
            <root url="file://F:/Android/AndroidSDK/Sdk/platforms/android-28/data/res" type="simple" />
          </root>
        </classPath>
        <javadocPath>
          <root type="composite">
            <root url="http://developer.android.com/reference/" type="simple" />
          </root>
        </javadocPath>
        <sourcePath>
          <root type="composite">
            <root url="file://F:/Android/AndroidSDK/Sdk/sources/android-28" type="simple" />
          </root>
        </sourcePath>
      </roots>
      <additional jdk="JDK" sdk="android-28" />
    </jdk>
    <jdk version="2">
      <name value="Android API 29 Platform" />
      <type value="Android SDK" />
      <version value="java version &quot;1.8.0_152-release&quot;" />
      <homePath value="F:\Android\AndroidSDK\Sdk" />
      <roots>
        <annotationsPath>
          <root type="composite">
            <root url="jar://$APPLICATION_HOME_DIR$/plugins/android/lib/androidAnnotations.jar!/" type="simple" />
          </root>
        </annotationsPath>
        <classPath>
          <root type="composite">
            <root url="jar://F:/Android/AndroidSDK/Sdk/platforms/android-29/android.jar!/" type="simple" />
            <root url="file://F:/Android/AndroidSDK/Sdk/platforms/android-29/data/res" type="simple" />
          </root>
        </classPath>
        <javadocPath>
          <root type="composite" />
        </javadocPath>
        <sourcePath>
          <root type="composite">
            <root url="file://F:/Android/AndroidSDK/Sdk/sources/android-29" type="simple" />
          </root>
        </sourcePath>
      </roots>
      <additional jdk="JDK" sdk="android-29" />
    </jdk>
    <jdk version="2">
      <name value="Android API 29 Platform (2)" />
      <type value="Android SDK" />
      <version value="java version &quot;1.8.0_152-release&quot;" />
      <homePath value="F:\Android\AndroidSDK\Sdk" />
      <roots>
        <annotationsPath>
          <root type="composite">
            <root url="jar://$APPLICATION_HOME_DIR$/plugins/android/lib/androidAnnotations.jar!/" type="simple" />
          </root>
        </annotationsPath>
        <classPath>
          <root type="composite">
            <root url="jar://F:/Android/AndroidSDK/Sdk/platforms/android-29/android.jar!/" type="simple" />
            <root url="file://F:/Android/AndroidSDK/Sdk/platforms/android-29/data/res" type="simple" />
          </root>
        </classPath>
        <javadocPath>
          <root type="composite" />
        </javadocPath>
        <sourcePath>
          <root type="composite">
            <root url="file://F:/Android/AndroidSDK/Sdk/sources/android-29" type="simple" />
          </root>
        </sourcePath>
      </roots>
      <additional jdk="JDK" sdk="android-29" />
    </jdk>
    <jdk version="2">
      <name value="Android API 29 Platform (3)" />
      <type value="Android SDK" />
      <version value="java version &quot;1.8.0_152-release&quot;" />
      <homePath value="F:\Android\AndroidSDK\Sdk" />
      <roots>
        <annotationsPath>
          <root type="composite">
            <root url="jar://$APPLICATION_HOME_DIR$/plugins/android/lib/androidAnnotations.jar!/" type="simple" />
          </root>
        </annotationsPath>
        <classPath>
          <root type="composite">
            <root url="jar://F:/Android/AndroidSDK/Sdk/platforms/android-29/android.jar!/" type="simple" />
            <root url="file://F:/Android/AndroidSDK/Sdk/platforms/android-29/data/res" type="simple" />
          </root>
        </classPath>
        <javadocPath>
          <root type="composite" />
        </javadocPath>
        <sourcePath>
          <root type="composite">
            <root url="file://F:/Android/AndroidSDK/Sdk/sources/android-29" type="simple" />
          </root>
        </sourcePath>
      </roots>
      <additional jdk="JDK" sdk="android-29" />
    </jdk>
    <jdk version="2">
      <name value="Android API 29 Platform (4)" />
      <type value="Android SDK" />
      <version value="java version &quot;1.8.0_152-release&quot;" />
      <homePath value="F:\Android\AndroidSDK\Sdk" />
      <roots>
        <annotationsPath>
          <root type="composite">
            <root url="jar://$APPLICATION_HOME_DIR$/plugins/android/lib/androidAnnotations.jar!/" type="simple" />
          </root>
        </annotationsPath>
        <classPath>
          <root type="composite">
            <root url="jar://F:/Android/AndroidSDK/Sdk/platforms/android-29/android.jar!/" type="simple" />
            <root url="file://F:/Android/AndroidSDK/Sdk/platforms/android-29/data/res" type="simple" />
          </root>
        </classPath>
        <javadocPath>
          <root type="composite" />
        </javadocPath>
        <sourcePath>
          <root type="composite">
            <root url="file://F:/Android/AndroidSDK/Sdk/sources/android-29" type="simple" />
          </root>
        </sourcePath>
      </roots>
      <additional jdk="JDK" sdk="android-29" />
    </jdk>
    <jdk version="2">
      <name value="Android API 29 Platform (5)" />
      <type value="Android SDK" />
      <version value="java version &quot;1.8.0_152-release&quot;" />
      <homePath value="F:\Android\AndroidSDK\Sdk" />
      <roots>
        <annotationsPath>
          <root type="composite">
            <root url="jar://$APPLICATION_HOME_DIR$/plugins/android/lib/androidAnnotations.jar!/" type="simple" />
          </root>
        </annotationsPath>
        <classPath>
          <root type="composite">
            <root url="jar://F:/Android/AndroidSDK/Sdk/platforms/android-29/android.jar!/" type="simple" />
            <root url="file://F:/Android/AndroidSDK/Sdk/platforms/android-29/data/res" type="simple" />
          </root>
        </classPath>
        <javadocPath>
          <root type="composite" />
        </javadocPath>
        <sourcePath>
          <root type="composite">
            <root url="file://F:/Android/AndroidSDK/Sdk/sources/android-29" type="simple" />
          </root>
        </sourcePath>
      </roots>
      <additional jdk="JDK" sdk="android-29" />
    </jdk>
    <jdk version="2">
      <name value="Android API 29 Platform (6)" />
      <type value="Android SDK" />
      <version value="java version &quot;1.8.0_152-release&quot;" />
      <homePath value="F:\Android\AndroidSDK\Sdk" />
      <roots>
        <annotationsPath>
          <root type="composite">
            <root url="jar://$APPLICATION_HOME_DIR$/plugins/android/lib/androidAnnotations.jar!/" type="simple" />
          </root>
        </annotationsPath>
        <classPath>
          <root type="composite">
            <root url="jar://F:/Android/AndroidSDK/Sdk/platforms/android-29/android.jar!/" type="simple" />
            <root url="file://F:/Android/AndroidSDK/Sdk/platforms/android-29/data/res" type="simple" />
          </root>
        </classPath>
        <javadocPath>
          <root type="composite" />
        </javadocPath>
        <sourcePath>
          <root type="composite">
            <root url="file://F:/Android/AndroidSDK/Sdk/sources/android-29" type="simple" />
          </root>
        </sourcePath>
      </roots>
      <additional jdk="JDK" sdk="android-29" />
    </jdk>
    <jdk version="2">
      <name value="Android API 29 Platform (7)" />
      <type value="Android SDK" />
      <version value="java version &quot;1.8.0_152-release&quot;" />
      <homePath value="F:\Android\AndroidSDK\Sdk" />
      <roots>
        <annotationsPath>
          <root type="composite">
            <root url="jar://$APPLICATION_HOME_DIR$/plugins/android/lib/androidAnnotations.jar!/" type="simple" />
          </root>
        </annotationsPath>
        <classPath>
          <root type="composite">
            <root url="jar://F:/Android/AndroidSDK/Sdk/platforms/android-29/android.jar!/" type="simple" />
            <root url="file://F:/Android/AndroidSDK/Sdk/platforms/android-29/data/res" type="simple" />
          </root>
        </classPath>
        <javadocPath>
          <root type="composite" />
        </javadocPath>
        <sourcePath>
          <root type="composite">
            <root url="file://F:/Android/AndroidSDK/Sdk/sources/android-29" type="simple" />
          </root>
        </sourcePath>
      </roots>
      <additional jdk="JDK" sdk="android-29" />
    </jdk>
    <jdk version="2">
      <name value="Android API 29 Platform (8)" />
      <type value="Android SDK" />
      <version value="java version &quot;1.8.0_152-release&quot;" />
      <homePath value="F:\Android\AndroidSDK\Sdk" />
      <roots>
        <annotationsPath>
          <root type="composite">
            <root url="jar://$APPLICATION_HOME_DIR$/plugins/android/lib/androidAnnotations.jar!/" type="simple" />
          </root>
        </annotationsPath>
        <classPath>
          <root type="composite">
            <root url="jar://F:/Android/AndroidSDK/Sdk/platforms/android-29/android.jar!/" type="simple" />
            <root url="file://F:/Android/AndroidSDK/Sdk/platforms/android-29/data/res" type="simple" />
          </root>
        </classPath>
        <javadocPath>
          <root type="composite" />
        </javadocPath>
        <sourcePath>
          <root type="composite">
            <root url="file://F:/Android/AndroidSDK/Sdk/sources/android-29" type="simple" />
          </root>
        </sourcePath>
      </roots>
      <additional jdk="JDK" sdk="android-29" />
    </jdk>
    <jdk version="2">
      <name value="Android API 29 Platform (9)" />
      <type value="Android SDK" />
      <version value="java version &quot;1.8.0_152-release&quot;" />
      <homePath value="F:\Android\AndroidSDK\Sdk" />
      <roots>
        <annotationsPath>
          <root type="composite">
            <root url="jar://$APPLICATION_HOME_DIR$/plugins/android/lib/androidAnnotations.jar!/" type="simple" />
          </root>
        </annotationsPath>
        <classPath>
          <root type="composite">
            <root url="jar://F:/Android/AndroidSDK/Sdk/platforms/android-29/android.jar!/" type="simple" />
            <root url="file://F:/Android/AndroidSDK/Sdk/platforms/android-29/data/res" type="simple" />
          </root>
        </classPath>
        <javadocPath>
          <root type="composite" />
        </javadocPath>
        <sourcePath>
          <root type="composite">
            <root url="file://F:/Android/AndroidSDK/Sdk/sources/android-29" type="simple" />
          </root>
        </sourcePath>
      </roots>
      <additional jdk="JDK" sdk="android-29" />
    </jdk>
    <jdk version="2">
      <name value="Android API 29 Platform (10)" />
      <type value="Android SDK" />
      <version value="java version &quot;1.8.0_152-release&quot;" />
      <homePath value="F:\Android\AndroidSDK\Sdk" />
      <roots>
        <annotationsPath>
          <root type="composite">
            <root url="jar://$APPLICATION_HOME_DIR$/plugins/android/lib/androidAnnotations.jar!/" type="simple" />
          </root>
        </annotationsPath>
        <classPath>
          <root type="composite">
            <root url="jar://F:/Android/AndroidSDK/Sdk/platforms/android-29/android.jar!/" type="simple" />
            <root url="file://F:/Android/AndroidSDK/Sdk/platforms/android-29/data/res" type="simple" />
          </root>
        </classPath>
        <javadocPath>
          <root type="composite" />
        </javadocPath>
        <sourcePath>
          <root type="composite">
            <root url="file://F:/Android/AndroidSDK/Sdk/sources/android-29" type="simple" />
          </root>
        </sourcePath>
      </roots>
      <additional jdk="JDK" sdk="android-29" />
    </jdk>
    <jdk version="2">
      <name value="Android API 29 Platform (11)" />
      <type value="Android SDK" />
      <version value="java version &quot;1.8.0_152-release&quot;" />
      <homePath value="F:\Android\AndroidSDK\Sdk" />
      <roots>
        <annotationsPath>
          <root type="composite">
            <root url="jar://$APPLICATION_HOME_DIR$/plugins/android/lib/androidAnnotations.jar!/" type="simple" />
          </root>
        </annotationsPath>
        <classPath>
          <root type="composite">
            <root url="jar://F:/Android/AndroidSDK/Sdk/platforms/android-29/android.jar!/" type="simple" />
            <root url="file://F:/Android/AndroidSDK/Sdk/platforms/android-29/data/res" type="simple" />
          </root>
        </classPath>
        <javadocPath>
          <root type="composite" />
        </javadocPath>
        <sourcePath>
          <root type="composite">
            <root url="file://F:/Android/AndroidSDK/Sdk/sources/android-29" type="simple" />
          </root>
        </sourcePath>
      </roots>
      <additional jdk="JDK" sdk="android-29" />
    </jdk>
    <jdk version="2">
      <name value="Android API 29 Platform (12)" />
      <type value="Android SDK" />
      <version value="java version &quot;1.8.0_152-release&quot;" />
      <homePath value="F:\Android\AndroidSDK\Sdk" />
      <roots>
        <annotationsPath>
          <root type="composite">
            <root url="jar://$APPLICATION_HOME_DIR$/plugins/android/lib/androidAnnotations.jar!/" type="simple" />
          </root>
        </annotationsPath>
        <classPath>
          <root type="composite">
            <root url="jar://F:/Android/AndroidSDK/Sdk/platforms/android-29/android.jar!/" type="simple" />
            <root url="file://F:/Android/AndroidSDK/Sdk/platforms/android-29/data/res" type="simple" />
          </root>
        </classPath>
        <javadocPath>
          <root type="composite" />
        </javadocPath>
        <sourcePath>
          <root type="composite">
            <root url="file://F:/Android/AndroidSDK/Sdk/sources/android-29" type="simple" />
          </root>
        </sourcePath>
      </roots>
      <additional jdk="JDK" sdk="android-29" />
    </jdk>
    <jdk version="2">
      <name value="Android API 29 Platform (13)" />
      <type value="Android SDK" />
      <version value="java version &quot;1.8.0_152-release&quot;" />
      <homePath value="F:\Android\AndroidSDK\Sdk" />
      <roots>
        <annotationsPath>
          <root type="composite">
            <root url="jar://$APPLICATION_HOME_DIR$/plugins/android/lib/androidAnnotations.jar!/" type="simple" />
          </root>
        </annotationsPath>
        <classPath>
          <root type="composite">
            <root url="jar://F:/Android/AndroidSDK/Sdk/platforms/android-29/android.jar!/" type="simple" />
            <root url="file://F:/Android/AndroidSDK/Sdk/platforms/android-29/data/res" type="simple" />
          </root>
        </classPath>
        <javadocPath>
          <root type="composite" />
        </javadocPath>
        <sourcePath>
          <root type="composite">
            <root url="file://F:/Android/AndroidSDK/Sdk/sources/android-29" type="simple" />
          </root>
        </sourcePath>
      </roots>
      <additional jdk="JDK" sdk="android-29" />
    </jdk>
    <jdk version="2">
      <name value="Android API 29 Platform (14)" />
      <type value="Android SDK" />
      <version value="java version &quot;1.8.0_152-release&quot;" />
      <homePath value="F:\Android\AndroidSDK\Sdk" />
      <roots>
        <annotationsPath>
          <root type="composite">
            <root url="jar://$APPLICATION_HOME_DIR$/plugins/android/lib/androidAnnotations.jar!/" type="simple" />
          </root>
        </annotationsPath>
        <classPath>
          <root type="composite">
            <root url="jar://F:/Android/AndroidSDK/Sdk/platforms/android-29/android.jar!/" type="simple" />
            <root url="file://F:/Android/AndroidSDK/Sdk/platforms/android-29/data/res" type="simple" />
          </root>
        </classPath>
        <javadocPath>
          <root type="composite" />
        </javadocPath>
        <sourcePath>
          <root type="composite">
            <root url="file://F:/Android/AndroidSDK/Sdk/sources/android-29" type="simple" />
          </root>
        </sourcePath>
      </roots>
      <additional jdk="JDK" sdk="android-29" />
    </jdk>
    <jdk version="2">
      <name value="Android API 29 Platform (15)" />
      <type value="Android SDK" />
      <version value="java version &quot;1.8.0_152-release&quot;" />
      <homePath value="F:\Android\AndroidSDK\Sdk" />
      <roots>
        <annotationsPath>
          <root type="composite">
            <root url="jar://$APPLICATION_HOME_DIR$/plugins/android/lib/androidAnnotations.jar!/" type="simple" />
          </root>
        </annotationsPath>
        <classPath>
          <root type="composite">
            <root url="jar://F:/Android/AndroidSDK/Sdk/platforms/android-29/android.jar!/" type="simple" />
            <root url="file://F:/Android/AndroidSDK/Sdk/platforms/android-29/data/res" type="simple" />
          </root>
        </classPath>
        <javadocPath>
          <root type="composite" />
        </javadocPath>
        <sourcePath>
          <root type="composite">
            <root url="file://F:/Android/AndroidSDK/Sdk/sources/android-29" type="simple" />
          </root>
        </sourcePath>
      </roots>
      <additional jdk="JDK" sdk="android-29" />
    </jdk>
    <jdk version="2">
      <name value="Android API 29 Platform (16)" />
      <type value="Android SDK" />
      <version value="java version &quot;1.8.0_152-release&quot;" />
      <homePath value="F:\Android\AndroidSDK\Sdk" />
      <roots>
        <annotationsPath>
          <root type="composite">
            <root url="jar://$APPLICATION_HOME_DIR$/plugins/android/lib/androidAnnotations.jar!/" type="simple" />
          </root>
        </annotationsPath>
        <classPath>
          <root type="composite">
            <root url="jar://F:/Android/AndroidSDK/Sdk/platforms/android-29/android.jar!/" type="simple" />
            <root url="file://F:/Android/AndroidSDK/Sdk/platforms/android-29/data/res" type="simple" />
          </root>
        </classPath>
        <javadocPath>
          <root type="composite" />
        </javadocPath>
        <sourcePath>
          <root type="composite">
            <root url="file://F:/Android/AndroidSDK/Sdk/sources/android-29" type="simple" />
          </root>
        </sourcePath>
      </roots>
      <additional jdk="JDK" sdk="android-29" />
    </jdk>
    <jdk version="2">
      <name value="Android API 29 Platform (17)" />
      <type value="Android SDK" />
      <version value="java version &quot;1.8.0_152-release&quot;" />
      <homePath value="F:\Android\AndroidSDK\Sdk" />
      <roots>
        <annotationsPath>
          <root type="composite">
            <root url="jar://$APPLICATION_HOME_DIR$/plugins/android/lib/androidAnnotations.jar!/" type="simple" />
          </root>
        </annotationsPath>
        <classPath>
          <root type="composite">
            <root url="jar://F:/Android/AndroidSDK/Sdk/platforms/android-29/android.jar!/" type="simple" />
            <root url="file://F:/Android/AndroidSDK/Sdk/platforms/android-29/data/res" type="simple" />
          </root>
        </classPath>
        <javadocPath>
          <root type="composite" />
        </javadocPath>
        <sourcePath>
          <root type="composite">
            <root url="file://F:/Android/AndroidSDK/Sdk/sources/android-29" type="simple" />
          </root>
        </sourcePath>
      </roots>
      <additional jdk="JDK" sdk="android-29" />
    </jdk>
    <jdk version="2">
      <name value="Android API 29 Platform (18)" />
      <type value="Android SDK" />
      <version value="java version &quot;1.8.0_152-release&quot;" />
      <homePath value="F:\Android\AndroidSDK\Sdk" />
      <roots>
        <annotationsPath>
          <root type="composite">
            <root url="jar://$APPLICATION_HOME_DIR$/plugins/android/lib/androidAnnotations.jar!/" type="simple" />
          </root>
        </annotationsPath>
        <classPath>
          <root type="composite">
            <root url="jar://F:/Android/AndroidSDK/Sdk/platforms/android-29/android.jar!/" type="simple" />
            <root url="file://F:/Android/AndroidSDK/Sdk/platforms/android-29/data/res" type="simple" />
          </root>
        </classPath>
        <javadocPath>
          <root type="composite" />
        </javadocPath>
        <sourcePath>
          <root type="composite">
            <root url="file://F:/Android/AndroidSDK/Sdk/sources/android-29" type="simple" />
          </root>
        </sourcePath>
      </roots>
      <additional jdk="JDK" sdk="android-29" />
    </jdk>
    <jdk version="2">
      <name value="Android API 29 Platform (19)" />
      <type value="Android SDK" />
      <version value="java version &quot;1.8.0_152-release&quot;" />
      <homePath value="F:\Android\AndroidSDK\Sdk" />
      <roots>
        <annotationsPath>
          <root type="composite">
            <root url="jar://$APPLICATION_HOME_DIR$/plugins/android/lib/androidAnnotations.jar!/" type="simple" />
          </root>
        </annotationsPath>
        <classPath>
          <root type="composite">
            <root url="jar://F:/Android/AndroidSDK/Sdk/platforms/android-29/android.jar!/" type="simple" />
            <root url="file://F:/Android/AndroidSDK/Sdk/platforms/android-29/data/res" type="simple" />
          </root>
        </classPath>
        <javadocPath>
          <root type="composite" />
        </javadocPath>
        <sourcePath>
          <root type="composite">
            <root url="file://F:/Android/AndroidSDK/Sdk/sources/android-29" type="simple" />
          </root>
        </sourcePath>
      </roots>
      <additional jdk="JDK" sdk="android-29" />
    </jdk>
  </component>
</application>