<application>
  <component name="SetterTemplates">
    <option name="defaultTempalteName" value="MySetter" />
    <option name="templates">
      <list>
        <TemplateResource>
          <option name="fileName" value="MySetter" />
          <option name="template" value="#set($paramName = $helper.getParamName($field, $project))&#10;public ##&#10;#if($field.modifierStatic)&#10;  static ##&#10;#end&#10;void set$StringUtil.capitalizeWithJavaBeanConvention($StringUtil.sanitizeJavaIdentifier($helper.getPropertyName($field, $project)))($field.type $paramName) {&#10;  #if ($field.name == $paramName)&#10;    #if (!$field.modifierStatic)&#10;      this.##&#10;    #else&#10;      $classname.##&#10;    #end&#10;  #end&#10;  #if($field.string)&#10;    $field.name = $paramName == null ? &quot;&quot; : $paramName;&#10;  #else  &#10;    $field.name = $paramName;&#10;  #end&#10;}" />
        </TemplateResource>
      </list>
    </option>
  </component>
</application>